Id_agent;Departement
6;DOS
7;DPI
8;DOS
9;DOS
10;DOS
11;SGAL
12;DSI
13;DDO
14;DOS
15;DPI
16;SGAL
17;DOS
18;DOS
19;DOS
20;DOS
21;DPI
22;DPI
23;DOS
24;DSI
25;DOS
26;DPI
27;DOS
28;DSI
29;DOS
30;DSI
31;DPI
32;SGAL
33;SGAL
34;DSI
35;DDO
36;DSI
37;DSI
38;DOS
39;DOS
40;DOS
41;DOS
42;DDO
43;DOS
44;SGAL
45;SGAL
46;DOS
47;DPI
48;DOS
49;DOS
50;DDO
51;DOS
52;DOS
53;DDO
54;DDO
55;DOS
56;DOS
57;SGAL
58;DOS
59;DSI
60;DOS
61;DOS
62;DOS
63;DOS
64;DOS
65;DPI
66;DOS
67;DOS
68;DSI
69;DSI
70;DOS
71;SGAL
72;DDO
73;DPI
74;DDO
75;DSI
76;DSI
77;DOS
78;DOS
79;SGAL
80;DSI
81;DOS
82;SGAL
83;SGAL
84;DOS
85;DOS
86;SGAL
87;DSI
88;DOS
89;SGAL
90;SGAL
91;DDO
92;DOS
93;DSI
94;DOS
95;DOS
96;DOS
97;DOS
98;DPI
99;DOS
100;SGAL
101;DOS
102;DOS
103;DSI
104;DOS
105;DOS
106;DDO
107;DSI
108;SGAL
109;DOS
110;DOS
111;DDO
112;DPI
113;DOS
114;DOS
115;DDO
116;DPI
117;DOS
118;DDO
119;DOS
120;DOS
121;DPI
122;SGAL
123;DDO
124;DOS
125;DDO
126;DPI
127;DOS
128;SGAL
129;DDO
130;DOS
131;DOS
132;DOS
133;DOS
134;DSI
135;DOS
136;DOS
137;DOS
138;DOS
139;DOS
140;DSI
141;DOS
142;DPI
143;SGAL
144;DOS
145;DSI
146;DSI
147;DOS
148;DOS
149;DOS
150;DSI
151;SGAL
152;DOS
153;DDO
154;DOS
155;DOS
156;DOS
157;DPI
158;DDO
159;DSI
160;DSI
161;DSI
162;DDO
163;DOS
164;DPI
165;DOS
166;SGAL
167;DOS
168;DSI
169;DPI
170;DSI
171;DOS
172;DOS
173;DOS
174;DSI
175;DOS
176;DSI
177;DSI
178;DOS
179;SGAL
180;DOS
181;DDO
182;DOS
183;SGAL
184;DSI
185;DDO
186;DOS
187;DSI
188;DOS
189;DOS
190;DOS
191;DPI
192;DOS
193;DOS
194;DOS
195;DSI
196;DPI
197;DOS
198;DDO
199;DSI
200;DDO
201;DPI
202;SGAL
203;DOS
